gender,name.title,name.first,name.last,location.street.number,location.street.name,location.city,location.state,location.country,location.postcode,location.coordinates.latitude,location.coordinates.longitude,location.timezone.offset,location.timezone.description,email,login.uuid,login.username,login.password,login.salt,login.md5,login.sha1,login.sha256,dob.date,dob.age,registered.date,registered.age,phone,cell,id.name,id.value,picture.large,picture.medium,picture.thumbnail,nat
female,Mrs,Esther,Alvarez,1875,Royal Ln,Vernon,South Dakota,United States,76494,87.2429,117.8862,+5:45,Kathmandu,esther.alvarez@example.com,50ac2bed-b901-4702-b224-4c0fefdf03a0,brownfish829,brooklyn,LceBbiEh,7cc7f36576e54fef6418556794890518,591fe9ea7ad032345b05217ae88038ea800005e7,6d5c059e06c164534e1c69dcead062d5b746f02312f7cbb2af39401bf8c242ca,1945-10-12T08:06:09.726Z,78,2021-10-31T02:39:28.603Z,2,(989) 226-0484,(212) 469-2937,SSN,897-65-4202,https://randomuser.me/api/portraits/women/88.jpg,https://randomuser.me/api/portraits/med/women/88.jpg,https://randomuser.me/api/portraits/thumb/women/88.jpg,US
male,Mr,Arthur,Macdonald,5821,George St,Port Elgin,Manitoba,Canada,N9J 3V9,-9.1222,112.8361,-11:00,"Midway Island, Samoa",arthur.macdonald@example.com,702349f4-f5bd-4fba-8740-42129098a3f0,redfrog410,outkast,bAOCdQc0,1c59313e3730aa335af09900a121da3d,dae78680959a5e882ff816643b41d09b67d55666,48d09a17b8505aea715b05618228e197add03c1450d056e0f36989ac72461f6b,1959-04-13T16:20:11.765Z,65,2020-02-13T22:48:23.368Z,4,X38 A25-8056,V15 L66-4005,SIN,272556267,https://randomuser.me/api/portraits/men/83.jpg,https://randomuser.me/api/portraits/med/men/83.jpg,https://randomuser.me/api/portraits/thumb/men/83.jpg,CA
male,Mr,Lauri,Lassila,3948,Verkatehtaankatu,Forssa,South Karelia,Finland,57252,-13.0933,55.3077,+11:00,"Magadan, Solomon Islands, New Caledonia",lauri.lassila@example.com,70b0faa5-54ed-4e4e-848d-089c296ab700,whitebird141,nathanie,Lfx6DMJQ,7b3c4d800395ce8329d8d0247b9ad236,d9cfb4cf14ce38f1047d4f2c864d62a41adf3bbd,967ee3e836279503e08d598769b45ae22e5d5e26093ea2cd92b69edd825c84fa,1957-07-27T17:24:37.242Z,66,2021-03-10T13:25:14.869Z,3,09-398-640,045-847-61-70,HETU,NaNNA105undefined,https://randomuser.me/api/portraits/men/62.jpg,https://randomuser.me/api/portraits/med/men/62.jpg,https://randomuser.me/api/portraits/thumb/men/62.jpg,FI
female,Ms,Verónica,Luna,4761,Prolongación Guinea Ecuatorial,Degollado,Quintana Roo,Mexico,85474,3.0237,-128.8114,-7:00,Mountain Time (US & Canada),veronica.luna@example.com,ff7b5c28-2df5-49b4-a4fa-b4e135f3b399,blackkoala939,premier,GYvYVYyW,443eddddbd557f292a3d010625b768c7,701d926316c37f826043540f573cd690423b52e4,3c74010bbc91da56bdd0a45422a927ca565477251f1adac67f3cc091387eb5a0,1995-10-03T20:39:19.362Z,28,2008-11-02T13:25:32.441Z,15,(621) 082 9110,(681) 350 1116,NSS,73 67 40 6280 2,https://randomuser.me/api/portraits/women/84.jpg,https://randomuser.me/api/portraits/med/women/84.jpg,https://randomuser.me/api/portraits/thumb/women/84.jpg,MX
female,Mrs,Paige,Parker,3442,Jones Road,Portmarnock,Fingal,Ireland,12076,25.2071,-88.3518,-8:00,Pacific Time (US & Canada),paige.parker@example.com,ac8f55df-5077-4f6f-8b89-16e799aaf003,crazygorilla696,sambo,zYxccjgm,239e341c824f5136a961dff32c74c9b2,a5b04bd86eff84bfe02ea38490531af8241817f8,e92cde0ef364f82c11c8f01f89f0a331353a97d0c119c71c3433a9e298004c75,1972-04-19T16:33:11.533Z,52,2019-06-26T10:37:46.244Z,5,011-903-4631,081-987-2084,PPS,1193520T,https://randomuser.me/api/portraits/women/1.jpg,https://randomuser.me/api/portraits/med/women/1.jpg,https://randomuser.me/api/portraits/thumb/women/1.jpg,IE
female,Mrs,Isilda,Pinto,6411,Rua Treze ,Brusque,Piauí,Brazil,90240,79.2673,46.4441,-8:00,Pacific Time (US & Canada),isilda.pinto@example.com,f5ed9608-d7ba-41b0-907a-cf8d27e3bd8c,bluezebra174,bone,y5MdzkL0,a78d5099752d56a49a5471adcbd72806,7bb18d8c0e6b33da06eaf4e2a0522169b0525558,17cc161f6bf7305cc1e22dd6a3d7ab136fe863f4b5dde29bffd084fe1da8742b,1964-03-25T07:17:27.317Z,60,2002-12-10T12:04:43.724Z,21,(49) 5632-8797,(87) 8416-5738,CPF,371.684.880-88,https://randomuser.me/api/portraits/women/33.jpg,https://randomuser.me/api/portraits/med/women/33.jpg,https://randomuser.me/api/portraits/thumb/women/33.jpg,BR
male,Mr,Đoka,Rakić,8545,Vojislava Lubarde ,Irig,Zaječar,Serbia,41649,-28.1807,114.7811,+5:00,"Ekaterinburg, Islamabad, Karachi, Tashkent",doka.rakic@example.com,cd6cb27e-e5e3-420e-bf12-1d2580211ab5,greengoose816,scissors,Dzg1Fyxp,e159979cd28d4e8f947dfc0051bbd2ff,1f11735918e6f24a9f60cfc20b5c8fbe48190b94,1446f4a890f2bcda52cec82b0aa76e9fc01d1d4b24ec578d2bdf932ad15a8bfa,1961-06-05T19:11:22.909Z,63,2002-07-04T13:47:42.690Z,22,013-1083-312,069-8221-887,SID,494611852,https://randomuser.me/api/portraits/men/45.jpg,https://randomuser.me/api/portraits/med/men/45.jpg,https://randomuser.me/api/portraits/thumb/men/45.jpg,RS
male,Mr,اميرمحمد,کریمی,3653,میدان 7 تیر,گرگان,قزوین,Iran,19192,21.0262,96.0817,-9:00,Alaska,myrmhmd.khrymy@example.com,71b3d148-9cb6-4255-8406-c600213c46a7,yellowlion930,shadow,T0B0tBej,14709e280b52e3ef8375c7e1e05e9c21,72fce27e8cc21e2ba4fd816fc502e1d80b4f0b36,6769eb86db2d77bab61c274ad4a5e3eb9cac36dac1d7dbc86a5a035d0e664b4d,1950-10-08T11:39:05.049Z,73,2006-07-29T04:41:46.557Z,17,044-38738310,0938-695-8182,,,https://randomuser.me/api/portraits/men/45.jpg,https://randomuser.me/api/portraits/med/men/45.jpg,https://randomuser.me/api/portraits/thumb/men/45.jpg,IR
female,Ms,Shrinidhi,Naik,8731,NAD X Rd,Sasaram,Manipur,India,29710,64.046,-175.2833,-4:00,"Atlantic Time (Canada), Caracas, La Paz",shrinidhi.naik@example.com,1f067b53-fec4-40d7-a3f5-8301f7c62ad2,tinybear241,abgrtyu,SBfdYqJI,552a80e104934b5c0f60879f53c2094d,1eb9fb8ac3e3f9e6c6ad48782a5a7d6ca430b961,2e0e3747729133fad056b76f9b495d9e1591d168cecee655f1a9ff72ceab8678,1968-09-18T16:22:24.480Z,55,2019-03-06T03:05:25.474Z,5,7874484930,8241284247,UIDAI,793083101722,https://randomuser.me/api/portraits/women/26.jpg,https://randomuser.me/api/portraits/med/women/26.jpg,https://randomuser.me/api/portraits/thumb/women/26.jpg,IN
female,Mrs,Tina,Radanović,7304,Afi Ekong,Svilajnac,Zaječar,Serbia,10891,27.8897,140.9604,-7:00,Mountain Time (US & Canada),tina.radanovic@example.com,6ea0629f-23f1-4505-ae8a-43ebfbecd62a,heavypanda325,124038,Vi6I2ljA,43b091fd23d6ce13dfdeb629d4633f40,16187e0c53e106cae92ed0e302f953778ed375bc,c93b6a740e57c1413c554fd3e2ba4e49e3199248208052a8cbe94e8330d9de60,1983-03-05T17:48:01.094Z,41,2019-11-04T03:48:28.268Z,4,014-3377-459,060-2621-796,SID,137350618,https://randomuser.me/api/portraits/women/64.jpg,https://randomuser.me/api/portraits/med/women/64.jpg,https://randomuser.me/api/portraits/thumb/women/64.jpg,RS
